Promo 23-25,Promo 24-26,Promo 25-27
11/3/2022,11/7/2023,10/16/2024
11/3/2022,11/7/2023,10/16/2024
11/6/2022,11/7/2023,10/16/2024
11/7/2022,11/7/2023,10/16/2024
11/8/2022,11/7/2023,10/16/2024
11/9/2022,11/7/2023,10/17/2024
11/10/2022,11/8/2023,10/17/2024
11/10/2022,11/8/2023,10/18/2024
11/16/2022,11/9/2023,10/20/2024
11/16/2022,11/9/2023,10/20/2024
11/20/2022,11/11/2023,10/20/2024
11/24/2022,11/13/2023,10/22/2024
11/24/2022,11/13/2023,10/29/2024
11/25/2022,11/14/2023,10/31/2024
11/25/2022,11/15/2023,11/4/2024
11/25/2022,11/16/2023,11/4/2024
11/25/2022,11/16/2023,11/6/2024
11/25/2022,11/16/2023,11/6/2024
11/28/2022,11/18/2023,11/7/2024
11/29/2022,11/19/2023,11/7/2024
12/1/2022,11/21/2023,11/10/2024
12/8/2022,11/22/2023,11/11/2024
12/10/2022,11/23/2023,11/11/2024
12/11/2022,11/24/2023,11/11/2024
12/12/2022,11/26/2023,11/12/2024
12/13/2022,11/27/2023,11/13/2024
12/13/2022,11/27/2023,11/13/2024
12/13/2022,11/29/2023,11/13/2024
12/14/2022,11/30/2023,11/14/2024
12/15/2022,11/30/2023,11/14/2024
12/15/2022,11/30/2023,11/14/2024
12/15/2022,12/5/2023,11/14/2024
12/15/2022,12/10/2023,11/14/2024
12/16/2022,12/11/2023,11/14/2024
12/17/2022,12/13/2023,11/14/2024
12/17/2022,12/13/2023,11/14/2024
12/18/2022,12/15/2023,11/15/2024
12/18/2022,12/16/2023,11/15/2024
12/18/2022,12/16/2023,11/16/2024
12/19/2022,12/17/2023,11/16/2024
12/21/2022,12/17/2023,11/16/2024
1/12/2023,12/19/2023,11/16/2024
1/13/2023,12/20/2023,11/16/2024
1/16/2023,12/20/2023,11/17/2024
1/18/2023,12/21/2023,11/17/2024
1/18/2023,12/21/2023,11/17/2024
1/18/2023,12/21/2023,11/17/2024
1/18/2023,12/21/2023,11/17/2024
1/18/2023,12/21/2023,11/17/2024
1/18/2023,12/21/2023,
1/18/2023,12/21/2023,
1/19/2023,12/21/2023,
1/22/2023,12/21/2023,
1/23/2023,12/21/2023,
1/23/2023,12/21/2023,
1/23/2023,12/21/2023,
1/24/2023,12/21/2023,
1/24/2023,12/21/2023,
1/30/2023,12/21/2023,
2/2/2023,12/21/2023,
2/2/2023,12/21/2023,
2/3/2023,12/21/2023,
2/3/2023,12/21/2023,
2/3/2023,12/26/2023,
2/5/2023,1/2/2024,
2/5/2023,1/3/2024,
2/7/2023,1/5/2024,
2/7/2023,1/5/2024,
2/8/2023,1/11/2024,
2/8/2023,1/12/2024,
2/8/2023,1/15/2024,
2/8/2023,1/21/2024,
2/8/2023,1/24/2024,
2/8/2023,1/28/2024,
2/9/2023,1/30/2024,
2/9/2023,2/1/2024,
2/10/2023,2/1/2024,
2/11/2023,2/1/2024,
2/11/2023,2/1/2024,
2/11/2023,2/2/2024,
2/11/2023,2/3/2024,
2/11/2023,2/4/2024,
2/12/2023,2/6/2024,
2/12/2023,2/6/2024,
2/12/2023,2/6/2024,
2/12/2023,2/8/2024,
2/12/2023,2/9/2024,
2/12/2023,2/9/2024,
2/12/2023,2/9/2024,
2/13/2023,2/9/2024,
2/14/2023,2/10/2024,
2/15/2023,2/11/2024,
2/18/2023,2/11/2024,
2/21/2023,2/11/2024,
2/22/2023,2/11/2024,
2/23/2023,2/11/2024,
2/24/2023,2/11/2024,
3/2/2023,2/11/2024,
3/2/2023,2/12/2024,
3/3/2023,2/12/2024,
3/3/2023,2/13/2024,
3/3/2023,2/15/2024,
3/5/2023,2/21/2024,
3/6/2023,2/21/2024,
3/7/2023,2/21/2024,
3/7/2023,2/22/2024,
3/7/2023,2/23/2024,
3/7/2023,2/25/2024,
3/8/2023,2/26/2024,
3/8/2023,2/27/2024,
3/8/2023,2/28/2024,
3/9/2023,2/29/2024,
3/10/2023,2/29/2024,
3/10/2023,3/1/2024,
3/10/2023,3/3/2024,
3/10/2023,3/3/2024,
3/10/2023,3/3/2024,
3/11/2023,3/4/2024,
3/11/2023,3/4/2024,
3/12/2023,3/5/2024,
3/12/2023,3/5/2024,
3/12/2023,3/8/2024,
3/12/2023,3/9/2024,
3/13/2023,3/9/2024,
3/15/2023,3/9/2024,
3/23/2023,3/9/2024,
3/24/2023,3/9/2024,
3/25/2023,3/9/2024,
3/26/2023,3/9/2024,
3/27/2023,3/9/2024,
3/27/2023,3/9/2024,
3/27/2023,3/10/2024,
3/28/2023,3/10/2024,
3/28/2023,3/10/2024,
3/28/2023,3/10/2024,
3/28/2023,3/11/2024,
3/29/2023,3/11/2024,
3/30/2023,3/16/2024,
3/30/2023,3/25/2024,
3/30/2023,3/27/2024,
3/31/2023,3/28/2024,
4/1/2023,3/29/2024,
4/3/2023,3/29/2024,
4/3/2023,3/30/2024,
4/3/2023,3/31/2024,
4/4/2023,4/1/2024,
4/4/2023,4/2/2024,
4/4/2023,4/2/2024,
4/6/2023,4/3/2024,
4/7/2023,4/4/2024,
4/9/2023,4/4/2024,
4/11/2023,4/4/2024,
4/11/2023,4/5/2024,
4/12/2023,4/6/2024,
4/13/2023,4/6/2024,
4/13/2023,4/7/2024,
4/13/2023,4/7/2024,
4/14/2023,4/7/2024,
4/14/2023,4/8/2024,
4/15/2023,4/9/2024,
4/16/2023,4/11/2024,
4/16/2023,4/11/2024,
4/16/2023,4/11/2024,
4/17/2023,4/14/2024,
4/17/2023,4/15/2024,
4/18/2023,4/16/2024,
4/18/2023,4/16/2024,
4/18/2023,4/18/2024,
4/19/2023,4/19/2024,
4/19/2023,4/22/2024,
4/20/2023,4/22/2024,
4/20/2023,4/22/2024,
4/21/2023,4/22/2024,
4/21/2023,4/26/2024,
4/21/2023,4/30/2024,
4/21/2023,4/30/2024,
4/21/2023,4/30/2024,
4/22/2023,5/1/2024,
4/22/2023,5/1/2024,
4/22/2023,5/6/2024,
4/22/2023,5/6/2024,
4/23/2023,5/6/2024,
4/23/2023,5/7/2024,
4/23/2023,5/8/2024,
4/23/2023,5/8/2024,
4/23/2023,5/9/2024,
4/23/2023,5/9/2024,
4/23/2023,5/11/2024,
4/23/2023,5/11/2024,
4/23/2023,5/12/2024,
4/24/2023,5/12/2024,
4/24/2023,5/13/2024,
4/25/2023,5/13/2024,
4/26/2023,5/13/2024,
4/26/2023,5/13/2024,
4/27/2023,5/14/2024,
4/29/2023,5/14/2024,
5/5/2023,5/14/2024,
5/10/2023,5/14/2024,
5/11/2023,5/15/2024,
5/11/2023,5/15/2024,
5/12/2023,5/15/2024,
5/14/2023,5/15/2024,
5/15/2023,5/15/2024,
5/15/2023,5/15/2024,
5/15/2023,5/16/2024,
5/17/2023,5/17/2024,
5/17/2023,5/17/2024,
5/20/2023,5/17/2024,
5/20/2023,5/18/2024,
5/21/2023,5/18/2024,
5/21/2023,5/18/2024,
5/21/2023,5/18/2024,
5/21/2023,5/18/2024,
5/21/2023,5/18/2024,
5/21/2023,5/19/2024,
5/21/2023,5/19/2024,
,5/19/2024,
,5/19/2024,
,5/19/2024,
,5/19/2024,
,5/19/2024,
,5/19/2024,
,5/20/2024,
,5/20/2024,
